{
    "sum": 4876588,
    "avr": 322.5256613756614,
    "sumMD": 38193,
    "avrMD": 318.275,
    "sumSD": 39974,
    "avrSD": 333.1166666666667,
    "max": 609,
    "min": 35
}