{"name":"Burn","average_price":6758.625,"max_price":9644,"min_price":1703}
{"name":"\u0410\u0431\u0440\u0438\u043a\u043e\u0441","average_price":5020.8461538462,"max_price":8835,"min_price":554}
{"name":"\u0410\u0434\u044b\u0433\u0435\u0439\u0441\u043a\u0438\u0439 \u0441\u044b\u0440","average_price":3220.4705882353,"max_price":7744,"min_price":296}
{"name":"\u0410\u043d\u0430\u043d\u0430\u0441","average_price":5591.6,"max_price":9122,"min_price":1407}
{"name":"\u0410\u043f\u0435\u043b\u044c\u0441\u0438\u043d","average_price":5059.4444444444,"max_price":9440,"min_price":1318}
{"name":"\u0411\u0430\u0439\u043a\u0430\u043b","average_price":4624.5,"max_price":7674,"min_price":2031}
{"name":"\u0411\u0430\u043a\u043b\u0430\u0436\u0430\u043d","average_price":4303.0454545455,"max_price":9386,"min_price":497}
{"name":"\u0411\u0430\u043d\u0430\u043d","average_price":5245.7333333333,"max_price":9583,"min_price":1518}
{"name":"\u0412\u0430\u0440\u0435\u043d\u043e-\u043a\u043e\u043f\u0447\u0435\u043d\u0430\u044f \u043a\u043e\u043b\u0431\u0430\u0441\u0430","average_price":5853.5294117647,"max_price":9891,"min_price":1058}
{"name":"\u0412\u0430\u0440\u0435\u043d\u044c\u0435","average_price":4746.6666666667,"max_price":9434,"min_price":206}
{"name":"\u0412\u0435\u0434\u0440\u043e \u0434\u043b\u044f \u043c\u044b\u0442\u044c\u044f \u043f\u043e\u043b\u043e\u0432","average_price":3695.0,"max_price":7904,"min_price":568}
{"name":"\u0412\u0435\u043b\u0438\u043a\u043e\u043b\u0443\u043a\u0441\u043a\u0430\u044f","average_price":6112.0,"max_price":8754,"min_price":1782}
{"name":"\u0412\u0435\u0440\u0431\u043b\u044e\u0436\u044c\u0435 \u043c\u043e\u043b\u043e\u043a\u043e","average_price":4898.2093023256,"max_price":9553,"min_price":696}
{"name":"\u0412\u043e\u043b\u0436\u0430\u043d\u043a\u0430","average_price":4618.3125,"max_price":9704,"min_price":798}
{"name":"\u0412\u044f\u043b\u0435\u043d\u043e\u0435 \u043c\u044f\u0441\u043e","average_price":3355.7142857143,"max_price":9714,"min_price":285}
{"name":"\u0413\u0435\u0440\u043a\u0443\u043b\u0435\u0441","average_price":4389.4375,"max_price":9663,"min_price":464}
{"name":"\u0413\u043e\u0440\u043e\u0445","average_price":5769.2222222222,"max_price":8971,"min_price":2161}
{"name":"\u0413\u0440\u0430\u043d\u0430\u0442","average_price":4121.7894736842,"max_price":9268,"min_price":381}
{"name":"\u0413\u0440\u0435\u0439\u043f\u0444\u0440\u0443\u0442","average_price":6028.5294117647,"max_price":9884,"min_price":1269}
{"name":"\u0413\u0440\u0443\u0448\u0430","average_price":6048.3333333333,"max_price":9156,"min_price":802}
{"name":"\u0414\u043e\u043d\u0430\u0442 \u043c\u0430\u0433\u043d\u0438\u0439","average_price":5536.8,"max_price":9609,"min_price":1327}
{"name":"\u0418\u043d\u0436\u0438\u0440","average_price":7574.1666666667,"max_price":9941,"min_price":4049}
{"name":"\u0419\u043e\u0433\u0443\u0440\u0442 \u043f\u0438\u0442\u044c\u0435\u0432\u043e\u0439","average_price":6142.5555555556,"max_price":9926,"min_price":618}
{"name":"\u041a\u0430\u0432\u043a\u0430\u0437\u0441\u043a\u0430\u044f","average_price":4999.9,"max_price":9925,"min_price":302}
{"name":"\u041a\u0430\u043b\u0443\u0436\u0441\u043a\u0430\u044f","average_price":5088.1111111111,"max_price":9579,"min_price":475}
{"name":"\u041a\u0430\u0440\u0430\u043c\u0431\u043e\u043b\u0430","average_price":5935.4666666667,"max_price":9757,"min_price":2018}
{"name":"\u041a\u0430\u0440\u0442\u043e\u0444\u0435\u043b\u044c","average_price":4958.1333333333,"max_price":9764,"min_price":312}
{"name":"\u041a\u0430\u0448\u0430 \u0438\u0437 \u0430\u043c\u0430\u0440\u0430\u043d\u0442\u0430","average_price":5452.6315789474,"max_price":9666,"min_price":240}
{"name":"\u041a\u0430\u0448\u0430 \u0438\u0437 \u0434\u0440\u043e\u0431\u043b\u0435\u043d\u043d\u043e\u0439 \u043f\u0435\u0440\u043b\u043e\u0432\u043e\u0439 \u043a\u0440\u0443\u043f\u044b","average_price":5032.8421052632,"max_price":8193,"min_price":635}
{"name":"\u041a\u0430\u0448\u0430 \u0438\u0437 \u0434\u0440\u043e\u0431\u043b\u0435\u043d\u043d\u043e\u0439 \u043f\u0448\u0435\u043d\u0438\u0447\u043d\u043e\u0439 \u043a\u0440\u0443\u043f\u044b","average_price":6131.0909090909,"max_price":9274,"min_price":1123}
{"name":"\u041a\u0430\u0448\u0430 \u0438\u0437 \u0434\u0440\u043e\u0431\u043b\u0435\u043d\u043d\u043e\u0439 \u044f\u0447\u043d\u0435\u0432\u043e\u0439 \u043a\u0440\u0443\u043f\u044b","average_price":3942.5384615385,"max_price":7796,"min_price":409}
{"name":"\u041a\u0438\u0432\u0438","average_price":5468.064516129,"max_price":9762,"min_price":461}
{"name":"\u041a\u043e\u043b\u0431\u0430\u0441\u0430 \u043a\u043e\u043f\u0447\u0435\u043d\u0430\u044f","average_price":5522.3333333333,"max_price":9719,"min_price":1189}
{"name":"\u041a\u043e\u043b\u043e\u043c\u0435\u043d\u0441\u043a\u0430\u044f","average_price":4950.25,"max_price":9804,"min_price":310}
{"name":"\u041a\u043e\u0444\u0435 \u044d\u0441\u043f\u0440\u0435\u0441\u0441\u043e","average_price":5376.9,"max_price":9294,"min_price":294}
{"name":"\u041a\u0440\u0430\u0441\u043d\u043e\u0433\u043e\u0440\u0441\u043a\u0430\u044f","average_price":5301.5833333333,"max_price":9348,"min_price":286}
{"name":"\u041a\u0440\u043e\u043b\u044c\u0447\u0430\u0442\u0438\u043d\u0430","average_price":5422.5,"max_price":7449,"min_price":3454}
{"name":"\u041a\u0443\u0431\u0430\u0439","average_price":6362.4166666667,"max_price":9753,"min_price":330}
{"name":"\u041a\u0443\u0440\u0438\u043d\u044b\u0435 \u043d\u043e\u0436\u043a\u0438","average_price":4709.1,"max_price":7533,"min_price":1607}
{"name":"\u041b\u0430\u0441\u0441\u0438","average_price":5746.4210526316,"max_price":9998,"min_price":622}
{"name":"\u041c\u0430\u043b\u0438\u043d\u0430","average_price":5792.4666666667,"max_price":9754,"min_price":581}
{"name":"\u041c\u0430\u0441\u043b\u043e \u0441\u043b\u0438\u0432\u043e\u0447\u043d\u043e\u0435","average_price":6232.9285714286,"max_price":9638,"min_price":335}
{"name":"\u041c\u0430\u0446\u043e\u043d\u0438","average_price":4836.125,"max_price":7439,"min_price":1562}
{"name":"\u041d\u043e\u0432\u043e\u0440\u043e\u0441\u0441\u0438\u0439\u0441\u043a\u0430\u044f","average_price":4684.4545454545,"max_price":9610,"min_price":836}
{"name":"\u041e\u043a\u043e\u0440\u043e\u043a","average_price":2780.2857142857,"max_price":5526,"min_price":614}
{"name":"\u041e\u0440\u0435\u0433\u0430\u043d\u043e \u0441\u0443\u0448\u0435\u043d\u044b\u0439","average_price":4704.8125,"max_price":9516,"min_price":704}
{"name":"\u041f\u0430\u0432\u043b\u043e\u0432\u0441\u043a\u0430\u044f","average_price":4999.5263157895,"max_price":9745,"min_price":247}
{"name":"\u041f\u0430\u043a\u0435\u0442\u044b \u0431\u0443\u043c\u0430\u0436\u043d\u044b\u0435","average_price":6406.3333333333,"max_price":9618,"min_price":772}
{"name":"\u041f\u0430\u043a\u0435\u0442\u044b \u0434\u043b\u044f \u0412\u0441\u0435\u043c\u0438\u0440\u043d\u043e\u0433\u043e \u0434\u043d\u044f \u0437\u0434\u043e\u0440\u043e\u0432\u044c\u044f","average_price":5265.0769230769,"max_price":9356,"min_price":571}
{"name":"\u041f\u0430\u043a\u0435\u0442\u044b \u0434\u043b\u044f \u0414\u043d\u044f \u0443\u0447\u0438\u0442\u0435\u043b\u044f","average_price":4722.1111111111,"max_price":9903,"min_price":350}
{"name":"\u041f\u0430\u043a\u0435\u0442\u044b \u0434\u043b\u044f \u0430\u0443\u043a\u0446\u0438\u043e\u043d\u0430","average_price":5234.8571428571,"max_price":8695,"min_price":679}
{"name":"\u041f\u0430\u043a\u0435\u0442\u044b \u0434\u043b\u044f \u0441\u0432\u0430\u0434\u044c\u0431\u044b","average_price":4714.2777777778,"max_price":9636,"min_price":292}
{"name":"\u041f\u0430\u043f\u0430\u0439\u044f","average_price":5515.0,"max_price":9275,"min_price":1279}
{"name":"\u041f\u0430\u0441\u0442\u0435\u0440\u043d\u0430\u043a","average_price":5489.4583333333,"max_price":9586,"min_price":168}
{"name":"\u041f\u0435\u0442\u0440\u0443\u0448\u043a\u0430 \u043a\u043e\u0440\u043d\u0435\u0432\u0430\u044f","average_price":5703.375,"max_price":9543,